city,month,high_c,low_c,precip_mm,rain_days,rh_pct,dew_c,climate_score,tourism_signal,final_score,classification,confidence,season,pattern,phase,caps,reason_en
riyadh,1,20.1,9.2,15,2.1,48,3.6,100,listed,100,EXCELLENT,high,winter,,,,"Comfortable temperatures, with little rain."
riyadh,2,23.6,11.5,6,1,36,2.3,100,listed,100,EXCELLENT,high,winter,,,,"Comfortable temperatures, with little rain."
riyadh,3,27.8,15.2,21,2.7,30,3.2,100,listed,100,EXCELLENT,high,spring,,end,,"Comfortable temperatures, with little rain."
riyadh,4,33.6,20.7,24,3.4,25,5.6,71.5,listed,79.5,GOOD,high,spring,,,,"High temperatures, with little rain."
riyadh,5,39.4,26.1,5,0.8,16,3.8,41.5,listed,41.5,NOT_RECOMMENDED,high,spring,,,veryHot,"Very hot (average high 39°)."
riyadh,6,42.7,28.4,0,0,10,0,25,listed,25,NOT_RECOMMENDED,high,summer,,,extremeHeat+veryHot,"Extreme heat (average high 43°)."
riyadh,7,43.4,29.4,0,0,10,0.9,25,unlisted,21,NOT_RECOMMENDED,high,summer,,,extremeHeat+veryHot,"Extreme heat (average high 43°)."
riyadh,8,43.6,29.5,0,0.1,12,3.2,25,unlisted,21,NOT_RECOMMENDED,high,summer,,,extremeHeat+veryHot+hotHumid,"Extreme heat (average high 44°)."
riyadh,9,40.4,26.2,0,0,14,2.3,25,unlisted,21,NOT_RECOMMENDED,high,autumn,,,extremeHeat+veryHot,"Extreme heat (average high 40°)."
riyadh,10,35.2,21.3,1,0.3,20,3.2,62.6,unlisted,58.6,GOOD,high,autumn,,,,"High temperatures, with little rain."
riyadh,11,27.5,15.5,11,1.7,36,5.6,100,unlisted,96,EXCELLENT,high,autumn,,start,,"Comfortable temperatures, with little rain."
riyadh,12,22.2,10.8,15,1.9,46,4.6,100,listed,100,EXCELLENT,high,winter,,peak,,"Comfortable temperatures, with little rain."
jeddah,1,28.8,18.8,12,1.1,59,14.9,97.3,listed,100,EXCELLENT,high,winter,,,,"Comfortable temperatures, with little rain."
jeddah,2,29.8,19,3,0.3,58,15.3,94.1,listed,100,EXCELLENT,high,winter,,,,"Comfortable temperatures, with little rain."
jeddah,3,31.7,20.2,3,0.4,57,16.4,87.9,listed,95.9,VERY_GOOD,high,spring,,end,,"Comfortable temperatures, with little rain."
jeddah,4,34.5,22.8,2,0.2,54,18.1,71.2,unlisted,67.2,GOOD,high,spring,,,,"Fair temperatures, with little rain."
jeddah,5,37.1,25,0,0.1,52,19.8,50,unlisted,46,ACCEPTABLE,high,spring,,,veryHot+hotHumid,"Very hot (average high 37°)."
jeddah,6,38.3,25.8,0,0,53,21.1,46.9,unlisted,42.9,ACCEPTABLE,high,summer,,,veryHot+hotHumid,"Very hot (average high 38°)."
jeddah,7,39.4,27.6,0,0.1,50,21.3,41.9,unlisted,37.9,NOT_RECOMMENDED,high,summer,,,veryHot+hotHumid,"Very hot (average high 39°)."
jeddah,8,38.7,28.6,1,0.2,57,23.4,25,unlisted,21,NOT_RECOMMENDED,high,summer,,,extremeHeatIndex+veryHot+hotHumid,"Dangerous heat and humidity (feels like about 46°)."
jeddah,9,37.4,27.3,0,0,64,24.1,25,listed,25,NOT_RECOMMENDED,high,autumn,,,extremeHeatIndex+veryHot+hotHumid,"Dangerous heat and humidity (feels like about 45°)."
jeddah,10,36.6,25,2,0.4,63,22.4,49.4,listed,50,ACCEPTABLE,high,autumn,,,hotHumid,"Heat with oppressive humidity (feels like about 42°)."
jeddah,11,33.3,22.9,27,1.9,61,19.4,73.6,listed,81.6,VERY_GOOD,high,autumn,,start,,"Comfortable temperatures, with little rain."
jeddah,12,30.6,20.6,9,0.7,59,16.7,90.9,listed,100,EXCELLENT,high,winter,,peak,,"Comfortable temperatures, with little rain."
abha,1,20.1,8.1,13,1.4,68,8,100,unlisted,100,EXCELLENT,high,winter,,peak,,"Comfortable temperatures, with little rain."
abha,2,21.8,9.7,12,0.9,63,8.4,100,unlisted,100,EXCELLENT,high,winter,,,,"Comfortable temperatures, with little rain."
abha,3,23.5,11.7,35,1.9,60,9.3,100,unlisted,100,EXCELLENT,high,spring,,,,"Comfortable temperatures, with little rain."
abha,4,25.9,13.5,39,4.7,56,10.4,100,unlisted,96,EXCELLENT,high,spring,,,,"Comfortable temperatures, with little rain."
abha,5,29,15.4,26,3.8,47,10,86.6,unlisted,82.6,VERY_GOOD,high,spring,,end,,"Fair temperatures, with little rain."
abha,6,31.4,17.3,8,1.7,36,7.8,74.5,listed,82.5,GOOD,high,summer,,,,"High temperatures, with little rain."
abha,7,31,17.8,22,3.5,43,10.4,76.4,listed,84.4,GOOD,high,summer,,,,"High temperatures, with little rain."
abha,8,30.7,17.2,26,4.1,51,12.2,77.9,listed,85.9,GOOD,high,summer,,,,"Fair temperatures, with little rain."
abha,9,30,15.6,6,1,36,6.5,81.5,listed,89.5,VERY_GOOD,high,autumn,,start,,"Fair temperatures, with little rain."
abha,10,26.4,12.3,4,0.7,40,5.1,99,unlisted,95,EXCELLENT,high,autumn,,,,"Comfortable temperatures, with little rain."
abha,11,23.1,9.7,7,1,61,8.4,100,unlisted,96,EXCELLENT,high,autumn,,,,"Comfortable temperatures, with little rain."
abha,12,21.1,7.9,2,0.5,66,8,100,unlisted,96,EXCELLENT,high,winter,,,,"Comfortable temperatures, with little rain."
dubai,1,24.4,15.3,21,2.8,63,12.6,100,listed,100,EXCELLENT,high,winter,,,,"Comfortable temperatures, with little rain."
dubai,2,26.1,16.4,10,2.4,61,13.3,100,listed,100,EXCELLENT,high,winter,,,,"Comfortable temperatures, with little rain."
dubai,3,28.9,18.6,22,3.4,56,14.3,97,listed,100,EXCELLENT,high,spring,,,,"Comfortable temperatures, with little rain."
dubai,4,33.7,22.3,3,1.5,47,15.4,77.6,listed,85.6,VERY_GOOD,high,spring,,end,,"Comfortable temperatures, with little rain."
dubai,5,38.2,26.1,0,1,44,18,50,unlisted,46,ACCEPTABLE,high,spring,,,veryHot+hotHumid,"Very hot (average high 38°)."
dubai,6,40.3,28.6,0,0,50,22,25,unlisted,21,NOT_RECOMMENDED,high,summer,,,extremeHeat+extremeHeatIndex+veryHot+hotHumid,"Extreme heat (average high 40°)."
dubai,7,41.5,31.2,1,2,50,23.6,25,unlisted,21,NOT_RECOMMENDED,high,summer,,,extremeHeat+extremeHeatIndex+veryHot+hotHumid,"Extreme heat (average high 42°)."
dubai,8,41.9,31.5,0,0,49,23.4,25,unlisted,21,NOT_RECOMMENDED,high,summer,,,extremeHeat+extremeHeatIndex+veryHot+hotHumid,"Extreme heat (average high 42°)."
dubai,9,39.5,28.9,0,1,54,23,25,unlisted,21,NOT_RECOMMENDED,high,autumn,,,extremeHeatIndex+veryHot+hotHumid,"Dangerous heat and humidity (feels like about 47°)."
dubai,10,35.9,25.4,2,2,57,20.7,58.1,unlisted,54.1,ACCEPTABLE,high,autumn,,,,"High temperatures, with little rain."
dubai,11,30.7,21.1,6,1.9,58,17,90.3,listed,98.3,VERY_GOOD,high,autumn,,start,,"Comfortable temperatures, with little rain."
dubai,12,26.5,17.3,15,3.4,63,14.5,100,listed,100,EXCELLENT,high,winter,,peak,,"Comfortable temperatures, with little rain."
muscat,1,22.8,17.2,10,2.6,66,13.2,100,listed,100,EXCELLENT,high,winter,,,,"Comfortable temperatures, with little rain."
muscat,2,24,18.1,5,1.6,64,13.7,100,listed,100,EXCELLENT,high,winter,,,,"Comfortable temperatures, with little rain."
muscat,3,26.5,20.4,6,1.8,61,15.2,100,listed,100,EXCELLENT,high,spring,,,,"Comfortable temperatures, with little rain."
muscat,4,30.5,24.2,6,0.9,53,16.9,90.5,unlisted,86.5,VERY_GOOD,high,spring,,end,,"Comfortable temperatures, with little rain."
muscat,5,34.4,28.1,1,0.1,49,19.1,68.2,unlisted,64.2,GOOD,high,spring,,,,"Fair temperatures, with little rain."
muscat,6,35.1,29.5,8,0.3,56,22.3,50,unlisted,46,ACCEPTABLE,high,summer,,,hotHumid,"Heat with oppressive humidity (feels like about 40°)."
muscat,7,34.2,29.5,0,0.2,62,23.8,46.9,unlisted,42.9,ACCEPTABLE,high,summer,,,hotHumid,"Heat with oppressive humidity (feels like about 41°)."
muscat,8,33.2,28.4,0,0.2,65,23.4,51.4,unlisted,47.4,ACCEPTABLE,high,summer,,,,"Comfortable temperatures, with high humidity."
muscat,9,32.6,26.8,1,0.1,63,21.9,61.3,unlisted,57.3,ACCEPTABLE,high,autumn,,,,"Comfortable temperatures, with high humidity."
muscat,10,31.4,24.7,1,0.3,58,18.8,82.8,unlisted,78.8,VERY_GOOD,high,autumn,,start,,"Comfortable temperatures, with little rain."
muscat,11,27.5,21.6,9,1.1,62,16.6,98,listed,100,EXCELLENT,high,autumn,,peak,,"Comfortable temperatures, with little rain."
muscat,12,24.3,18.7,6,2.3,65,14.5,100,listed,100,EXCELLENT,high,winter,,,,"Comfortable temperatures, with little rain."
trabzon,1,10.2,4.9,85,8.6,77,-0.6,56,unavailable,56,ACCEPTABLE,high,winter,,,,"Cold weather, with little rain."
trabzon,2,11.5,4.6,60,6.8,77,-0.5,63.6,unavailable,63.6,GOOD,high,winter,,,,"Cold weather, with little rain."
trabzon,3,13.1,6.2,66,9.4,79,2.2,70,unavailable,70,GOOD,high,spring,,,,"Cold weather, with little rain."
trabzon,4,16.2,8.9,62,9.1,81,6.5,87,unavailable,87,VERY_GOOD,high,spring,,start,,"Comfortable temperatures, with little rain."
trabzon,5,20,13.3,54,7.4,85,11.5,100,unavailable,100,EXCELLENT,high,spring,,peak,,"Comfortable temperatures, with little rain."
trabzon,6,24.4,17.6,50,6.5,85,15.3,100,unavailable,100,EXCELLENT,high,summer,,,,"Comfortable temperatures, with little rain."
trabzon,7,27.2,20.4,36,4.5,85,17.7,89,unavailable,89,VERY_GOOD,high,summer,,,,"Comfortable temperatures, with little rain."
trabzon,8,27.8,21.1,49,4.8,86,18.3,85.2,unavailable,85.2,VERY_GOOD,high,summer,,,,"Comfortable temperatures, with little rain."
trabzon,9,24.8,17.7,85,7.6,85,15.4,97.1,unavailable,100,EXCELLENT,high,autumn,,,,"Comfortable temperatures, with little rain."
trabzon,10,20.9,14.1,131,9.7,84,11.6,88.6,unavailable,88.6,VERY_GOOD,high,autumn,,,,"Comfortable temperatures."
trabzon,11,16.6,9.5,101,8.5,80,5.8,86.6,unavailable,86.6,VERY_GOOD,high,autumn,,end,,"Comfortable temperatures, with little rain."
trabzon,12,13.2,6.6,86,8.4,77,1.4,70.5,unavailable,70.5,GOOD,high,winter,,,,"Cold weather, with little rain."
istanbul,1,9.2,3.7,74,10,81,3,49.6,unlisted,45.6,ACCEPTABLE,high,winter,,,,"Cold weather, with little rain."
istanbul,2,9.8,3.7,77,10.3,80,3,51.4,unlisted,47.4,ACCEPTABLE,high,winter,,,,"Cold weather, with little rain."
istanbul,3,12.4,5.3,60,8.6,76,4.3,64.1,listed,72.1,GOOD,high,spring,,,,"Cold weather, with little rain."
istanbul,4,17.1,8.6,47,6.7,73,7.6,86,listed,94,VERY_GOOD,high,spring,,start,,"Fair temperatures, with little rain."
istanbul,5,22.2,13.4,33,4.1,74,12.5,100,listed,100,EXCELLENT,high,spring,,peak,,"Comfortable temperatures, with little rain."
istanbul,6,26.9,17.9,31,4.3,70,16.5,96.7,unlisted,92.7,EXCELLENT,high,summer,,,,"Comfortable temperatures, with little rain."
istanbul,7,29.5,20.5,19,2.2,69,18.6,79.2,unlisted,75.2,VERY_GOOD,high,summer,,end,,"Comfortable temperatures, with little rain."
istanbul,8,29.7,21.1,23,3.3,70,19.1,75.7,unlisted,71.7,GOOD,high,summer,,,,"Fair temperatures, with little rain."
istanbul,9,25.8,17.4,42,5.1,72,16,100,listed,100,EXCELLENT,high,autumn,,start,,"Comfortable temperatures, with little rain."
istanbul,10,20.8,13.6,75,6.8,78,12.8,98.3,listed,100,EXCELLENT,high,autumn,,end,,"Comfortable temperatures, with little rain."
istanbul,11,15.8,9.3,70,7.6,79,8.7,79.4,listed,87.4,GOOD,high,autumn,,,,"Fair temperatures, with little rain."
istanbul,12,11.1,5.7,88,11,81,5,55.6,unlisted,51.6,ACCEPTABLE,high,winter,,,,"Cold weather."
antalya,1,15,5.7,214,9.6,67,3.9,51.8,unlisted,47.8,ACCEPTABLE,high,winter,rainy_season,,,"Fair temperatures."
antalya,2,16,6.5,111,7.4,65,4.5,62.9,unlisted,58.9,GOOD,high,winter,,,,"Fair temperatures, with little rain."
antalya,3,18.5,8.3,105,5.7,64,6.4,75,listed,83,VERY_GOOD,high,spring,,start,,"Comfortable temperatures, with little rain."
antalya,4,21.8,11.3,64,4.7,66,9.9,90.8,listed,98.8,VERY_GOOD,high,spring,,,,"Comfortable temperatures, with little rain."
antalya,5,26.4,15.7,40,3.5,65,14,99.9,listed,100,EXCELLENT,high,spring,dry_season,peak,,"Comfortable temperatures, with little rain."
antalya,6,31.6,20.1,8,1.9,58,16.7,100,unlisted,100,EXCELLENT,high,summer,dry_season,,,"Comfortable temperatures, with little rain."
antalya,7,34.9,23.4,2,1.3,56,19.2,80.6,unlisted,76.6,VERY_GOOD,high,summer,dry_season,,,"Fair temperatures, with little rain."
antalya,8,34.9,23.7,2,1.1,57,19.6,79.7,unlisted,75.7,VERY_GOOD,high,summer,dry_season,,,"Fair temperatures, with little rain."
antalya,9,31.7,20.1,20,2.1,58,16.6,100,listed,100,EXCELLENT,high,autumn,dry_season,,,"Comfortable temperatures, with little rain."
antalya,10,27.3,15.9,82,4.4,58,12.4,97.4,listed,100,EXCELLENT,high,autumn,,,,"Comfortable temperatures, with little rain."
antalya,11,21.6,10.7,148,5.8,62,8.1,83.5,listed,91.5,VERY_GOOD,high,autumn,,end,,"Comfortable temperatures."
antalya,12,16.7,7.4,274,8.9,68,5.8,54,unlisted,50,ACCEPTABLE,high,winter,rainy_season,,,"Fair temperatures."
london,1,8.6,3.5,58,11.3,87,2.6,47.1,unlisted,43.1,ACCEPTABLE,high,winter,,,,"Cold weather, with little rain."
london,2,9.1,3.5,44,9.6,83,2.1,50.2,unlisted,46.2,ACCEPTABLE,high,winter,,,,"Cold weather, with little rain."
london,3,11.9,5.1,37,8.7,80,3.3,61.9,unlisted,57.9,ACCEPTABLE,high,spring,,,,"Cold weather, with little rain."
london,4,15.1,6.9,42,8.9,76,5,75.7,unlisted,71.7,GOOD,high,spring,,,,"Fair temperatures, with little rain."
london,5,18.4,9.7,45,7.9,74,7.7,92.1,unlisted,88.1,EXCELLENT,high,spring,,start,,"Comfortable temperatures, with little rain."
london,6,21.4,12.5,50,8.7,74,10.5,98.6,listed,100,EXCELLENT,high,summer,,peak,,"Comfortable temperatures, with little rain."
london,7,23.6,14.7,43,8.1,73,12.4,99.8,listed,100,EXCELLENT,high,summer,,,,"Comfortable temperatures, with little rain."
london,8,23.3,14.6,55,8.6,75,12.5,98.8,listed,100,EXCELLENT,high,summer,,,,"Comfortable temperatures, with little rain."
london,9,20.2,12.3,50,8.6,78,10.7,98.8,unlisted,98.8,EXCELLENT,high,autumn,,,,"Comfortable temperatures, with little rain."
london,10,15.9,9.5,67,11,82,8.4,77.1,unlisted,73.1,VERY_GOOD,high,autumn,,end,,"Fair temperatures, with little rain."
london,11,11.6,6.1,66,10.8,87,5.5,58.9,unlisted,54.9,ACCEPTABLE,high,autumn,,,,"Cold weather, with little rain."
london,12,9,3.9,59,11.3,88,3.3,48.6,unlisted,44.6,ACCEPTABLE,high,winter,,,,"Cold weather, with little rain."
paris,1,7.6,3.2,48,9.9,84,2.9,44.7,unlisted,40.7,ACCEPTABLE,high,winter,,,,"Cold weather, with little rain."
paris,2,8.8,3.3,42,9.1,78,2.5,49.5,unlisted,45.5,ACCEPTABLE,high,winter,,,,"Cold weather, with little rain."
paris,3,12.8,5.6,45,9.5,69,3.8,65,listed,73,GOOD,high,spring,,,,"Cold weather, with little rain."
paris,4,16.6,7.9,46,8.6,63,5.3,83,listed,91,VERY_GOOD,high,spring,,start,,"Fair temperatures, with little rain."
paris,5,20.2,11.1,69,9.2,65,9,96.5,listed,100,EXCELLENT,high,spring,,peak,,"Comfortable temperatures, with little rain."
paris,6,23.4,14.2,51,8.3,64,11.8,99.4,unlisted,95.4,EXCELLENT,high,summer,,,,"Comfortable temperatures, with little rain."
paris,7,25.7,16.2,59,7.4,61,13.2,100,unlisted,100,EXCELLENT,high,summer,,,,"Comfortable temperatures, with little rain."
paris,8,25.6,16,58,8.1,62,13.3,99.8,unlisted,99.8,EXCELLENT,high,summer,,,,"Comfortable temperatures, with little rain."
paris,9,21.5,13,45,7.5,68,11.3,100,listed,100,EXCELLENT,high,autumn,,,,"Comfortable temperatures, with little rain."
paris,10,16.5,9.9,55,9.5,78,9.4,81.7,listed,89.7,VERY_GOOD,high,autumn,,end,,"Fair temperatures, with little rain."
paris,11,11.1,6.2,54,10.4,84,6.1,57.7,unlisted,53.7,ACCEPTABLE,high,autumn,,,,"Cold weather, with little rain."
paris,12,8,3.8,62,11.4,84,3.4,44.9,unlisted,40.9,ACCEPTABLE,high,winter,,,,"Cold weather."
zurich,1,3.5,-1.4,63,10.1,86,-1.2,30.6,unlisted,26.6,NOT_RECOMMENDED,high,winter,,,veryCold,"Very cold."
zurich,2,5.2,-1.2,60,9,80,-1.2,36.5,unlisted,32.5,ACCEPTABLE,high,winter,,,,"Cold weather, with little rain."
zurich,3,10.2,1.9,71,10.5,72,1.1,52.4,unlisted,48.4,ACCEPTABLE,high,spring,,,,"Cold weather, with little rain."
zurich,4,14.8,5.1,80,10.8,65,3.4,70.8,unlisted,66.8,GOOD,high,spring,,,,"Cold weather."
zurich,5,18.8,9,128,12.4,69,8.1,79.3,unlisted,75.3,VERY_GOOD,high,spring,,start,,"Comfortable temperatures."
zurich,6,22.4,12.6,128,12.1,70,11.6,84.3,listed,92.3,VERY_GOOD,high,summer,,,,"Comfortable temperatures."
zurich,7,24.3,14.4,126,12.2,69,13.2,84.4,listed,96.4,VERY_GOOD,high,summer,,,,"Comfortable temperatures."
zurich,8,23.9,14.3,119,11.8,72,13.6,85.9,listed,97.9,EXCELLENT,high,summer,,,,"Comfortable temperatures."
zurich,9,19.1,10.7,87,9.9,79,10.8,90.1,listed,100,EXCELLENT,high,autumn,,end,,"Comfortable temperatures."
zurich,10,13.8,7.1,85,10.1,85,7.6,67.7,unlisted,63.7,GOOD,high,autumn,,,,"Cold weather."
zurich,11,7.6,2.5,76,10,87,2.9,43.7,unlisted,39.7,ACCEPTABLE,high,autumn,,,,"Cold weather, with little rain."
zurich,12,4,-0.5,83,11.5,87,-0.3,30.5,unlisted,26.5,NOT_RECOMMENDED,high,winter,,,veryCold,"Very cold."
reykjavik,1,3.2,-1.7,87,15.3,81,-2.2,26.1,unavailable,26.1,NOT_RECOMMENDED,high,winter,snow_season,,veryCold,"Very cold."
reykjavik,2,3.3,-1.9,91,15,80,-2.5,26.1,unavailable,26.1,NOT_RECOMMENDED,high,winter,snow_season,,veryCold,"Very cold."
reykjavik,3,4.2,-1.3,81,14.2,78,-2.2,29.1,unavailable,29.1,NOT_RECOMMENDED,high,spring,snow_season,,veryCold,"Very cold."
reykjavik,4,6.9,1,59,12,74,-0.5,40.2,unavailable,40.2,ACCEPTABLE,high,spring,,,,"Cold weather."
reykjavik,5,10.1,4,53,10.8,74,2.5,54.7,unavailable,54.7,ACCEPTABLE,high,spring,,,,"Cold weather, with little rain."
reykjavik,6,13,7.2,43,9.3,76,5.8,70.1,unavailable,74.1,GOOD,high,summer,,,,"Cold weather, with little rain."
reykjavik,7,14.9,9.1,50,10.3,79,8.1,78.9,unavailable,82.9,VERY_GOOD,high,summer,,start,,"Fair temperatures, with little rain."
reykjavik,8,14.1,8.6,64,11.6,81,7.8,73.3,unavailable,77.3,VERY_GOOD,high,summer,,end,,"Fair temperatures."
reykjavik,9,11.4,6.2,87,15,81,5.5,55.9,unavailable,55.9,ACCEPTABLE,high,autumn,,,,"Cold weather."
reykjavik,10,7.6,2.7,80,13.1,80,1.7,41.4,unavailable,41.4,ACCEPTABLE,high,autumn,,,,"Cold weather."
reykjavik,11,4.7,-0.1,86,13.7,81,-0.7,31,unavailable,31,NOT_RECOMMENDED,high,autumn,,,veryCold,"Very cold."
reykjavik,12,3.3,-1.6,95,14.6,82,-2,26.3,unavailable,26.3,NOT_RECOMMENDED,high,winter,snow_season,,veryCold,"Very cold."
bangkok,1,32.7,23.4,24,1.9,66,18.7,80.8,listed,92.8,VERY_GOOD,high,winter,dry_season,,,"Comfortable temperatures, with little rain."
bangkok,2,33.7,24.8,21,1.9,68,20.4,73.3,listed,81.3,VERY_GOOD,high,winter,dry_season,end,,"Comfortable temperatures, with little rain."
bangkok,3,34.7,26.4,51,3.4,70,22.3,60.2,unlisted,56.2,ACCEPTABLE,high,spring,dry_season,,,"Fair temperatures, with little rain."
bangkok,4,35.7,27.2,93,5.4,70,23.4,50,unlisted,46,ACCEPTABLE,high,spring,,,hotHumid,"Heat with oppressive humidity (feels like about 42°)."
bangkok,5,35.1,26.9,217,12.4,75,24.2,40.3,unlisted,36.3,NOT_RECOMMENDED,high,spring,rainy_season,,hotHumid,"Heat with oppressive humidity (feels like about 42°)."
bangkok,6,34.1,26.4,198,13.4,77,23.9,44,unlisted,40,NOT_RECOMMENDED,high,summer,,,hotHumid,"Heat with oppressive humidity (feels like about 41°)."
bangkok,7,33.5,26.1,190,14.1,78,23.6,46.6,unlisted,42.6,ACCEPTABLE,high,summer,,,,"Comfortable temperatures, with high humidity."
bangkok,8,33.3,25.9,227,15.6,79,23.6,44.8,unlisted,40.8,ACCEPTABLE,high,summer,rainy_season,,,"Comfortable temperatures, with high humidity."
bangkok,9,33.2,25.4,336,18,82,23.8,36,unlisted,32,ACCEPTABLE,high,autumn,rainy_season,,heavyRain,"Heavy rainfall."
bangkok,10,33,25.2,289,14.4,82,23.3,44.1,unlisted,40.1,ACCEPTABLE,high,autumn,rainy_season,,,"Comfortable temperatures, with high humidity."
bangkok,11,33.1,24.7,45,3.8,71,20.5,75.5,listed,87.5,VERY_GOOD,high,autumn,dry_season,start,,"Comfortable temperatures, with little rain."
bangkok,12,32.3,23.2,12,1,62,17.6,84,listed,96,VERY_GOOD,high,winter,dry_season,peak,,"Comfortable temperatures, with little rain."
singapore,1,30.6,24.3,222,10.7,83,23.7,51.9,unavailable,51.9,ACCEPTABLE,high,winter,,,,"Comfortable temperatures, with high humidity."
singapore,2,31.5,24.6,105,6.5,81,23.7,56.8,unavailable,56.8,ACCEPTABLE,high,winter,,,,"Comfortable temperatures, with high humidity."
singapore,3,32.2,24.9,151,9.4,81,24.3,50,unavailable,50,ACCEPTABLE,high,spring,,,,"Comfortable temperatures, with high humidity."
singapore,4,32.4,25.3,164,11.3,82,24.9,44.8,unavailable,44.8,ACCEPTABLE,high,spring,,,,"Comfortable temperatures, with high humidity."
singapore,5,32.3,25.7,164,11.2,82,25.2,43.8,unavailable,43.8,ACCEPTABLE,high,spring,,,,"Comfortable temperatures, with high humidity."
singapore,6,31.9,25.7,137,10.4,81,24.8,47.5,unavailable,47.5,ACCEPTABLE,high,summer,,,,"Comfortable temperatures, with high humidity."
singapore,7,31.4,25.4,145,10.4,80,24.5,49.4,unavailable,49.4,ACCEPTABLE,high,summer,,,,"Comfortable temperatures, with high humidity."
singapore,8,31.4,25.3,149,11.1,80,24.4,49.4,unavailable,49.4,ACCEPTABLE,high,summer,,,,"Comfortable temperatures, with high humidity."
singapore,9,31.6,25.2,125,9.8,80,24.3,51.4,unavailable,51.4,ACCEPTABLE,high,autumn,,,,"Comfortable temperatures, with high humidity."
singapore,10,31.8,25,166,12,81,24.3,48.5,unavailable,48.5,ACCEPTABLE,high,autumn,,,,"Comfortable temperatures, with high humidity."
singapore,11,31.2,24.6,254,15.4,84,24.4,43.5,unavailable,43.5,ACCEPTABLE,high,autumn,,,,"Comfortable temperatures, with high humidity."
singapore,12,30.5,24.3,332,16.3,85,24.1,41,unavailable,41,ACCEPTABLE,high,winter,,,heavyRain,"Heavy rainfall."
bali,1,27.1,24.2,296,28.9,86,23,47.2,unlisted,43.2,ACCEPTABLE,high,summer,rainy_season,,monsoonRain,"Rain on most days of the month."
bali,2,27.3,24.2,256,26.4,86,23,50,unlisted,46,ACCEPTABLE,high,summer,rainy_season,,monsoonRain,"Rain on most days of the month."
bali,3,27.4,24.3,228,27.2,85,23.1,52.5,unlisted,48.5,ACCEPTABLE,high,autumn,rainy_season,,,"Comfortable temperatures, with high humidity."
bali,4,27.5,24.6,149,23.8,85,23.1,57.4,listed,65.4,GOOD,high,autumn,,,,"Comfortable temperatures, with high humidity."
bali,5,27.2,24.6,87,19,83,22.5,65.1,listed,73.1,GOOD,high,autumn,,,,"Comfortable temperatures."
bali,6,26.6,24.1,64,17.3,82,21.7,72.2,listed,80.2,VERY_GOOD,high,winter,,start,,"Comfortable temperatures."
bali,7,25.9,23.3,56,16.5,81,20.8,77.5,listed,89.5,VERY_GOOD,high,winter,dry_season,,,"Comfortable temperatures."
bali,8,25.7,22.9,43,15.4,81,20.5,80.3,listed,92.3,VERY_GOOD,high,winter,dry_season,peak,,"Comfortable temperatures."
bali,9,26.3,23,58,16.3,83,21.3,75.5,listed,87.5,VERY_GOOD,high,spring,dry_season,end,,"Comfortable temperatures."
bali,10,27.1,23.5,79,19.5,85,22.3,65.9,listed,73.9,GOOD,high,spring,,,,"Comfortable temperatures."
bali,11,27.4,24.1,178,24.2,85,23,56,unlisted,52,ACCEPTABLE,high,spring,rainy_season,,,"Comfortable temperatures, with high humidity."
bali,12,27.2,24.3,272,27.8,85,23,49.1,unlisted,45.1,ACCEPTABLE,high,summer,rainy_season,,monsoonRain,"Rain on most days of the month."
male,1,30.6,26,87,5.5,79,23.3,67.4,listed,79.4,GOOD,high,winter,,,,"Comfortable temperatures, with high humidity."
male,2,31,26.3,38,3.2,78,23.3,68.5,listed,80.5,GOOD,high,winter,dry_season,,,"Comfortable temperatures, with high humidity."
male,3,31.6,26.8,49,4.5,77,23.6,66.3,listed,78.3,GOOD,high,spring,dry_season,,,"Comfortable temperatures, with high humidity."
male,4,31.9,27.1,127,8.5,78,24.3,58.8,unlisted,54.8,ACCEPTABLE,high,spring,,,,"Comfortable temperatures, with high humidity."
male,5,31.5,26.6,238,15,81,25,46.5,unlisted,42.5,ACCEPTABLE,high,spring,rainy_season,,,"Comfortable temperatures, with high humidity."
male,6,31.1,26.4,146,12.9,82,24.7,52.8,unlisted,48.8,ACCEPTABLE,high,summer,,,,"Comfortable temperatures, with high humidity."
male,7,30.8,25.9,198,13.7,81,24.2,53.9,unlisted,49.9,ACCEPTABLE,high,summer,rainy_season,,,"Comfortable temperatures, with high humidity."
male,8,30.7,25.9,193,13,81,24.1,55.2,unlisted,51.2,ACCEPTABLE,high,summer,rainy_season,,,"Comfortable temperatures, with high humidity."
male,9,30.5,25.7,214,15.3,82,24.1,52.8,unlisted,48.8,ACCEPTABLE,high,autumn,rainy_season,,,"Comfortable temperatures, with high humidity."
male,10,30.5,25.7,245,15.2,81,24,52.3,unlisted,48.3,ACCEPTABLE,high,autumn,rainy_season,,,"Comfortable temperatures, with high humidity."
male,11,30.4,25.5,236,14.2,81,23.7,55.2,unlisted,51.2,ACCEPTABLE,high,autumn,rainy_season,,,"Comfortable temperatures, with high humidity."
male,12,30.4,25.6,212,12,80,23.6,58.2,unlisted,54.2,ACCEPTABLE,high,winter,rainy_season,,,"Comfortable temperatures, with high humidity."
tokyo,1,9.8,1.2,60,4.5,50,-4.2,53.4,unavailable,53.4,ACCEPTABLE,high,winter,,,,"Cold weather, with little rain."
tokyo,2,10.9,2.1,56,5.2,52,-3,57.8,unavailable,57.8,ACCEPTABLE,high,winter,dry_season,,,"Cold weather, with little rain."
tokyo,3,14.2,5,116,9.2,58,1.5,67.9,unavailable,67.9,GOOD,high,spring,,,,"Cold weather."
tokyo,4,19.4,9.8,134,9.5,62,7.1,86,unavailable,90,EXCELLENT,high,spring,,start,,"Comfortable temperatures."
tokyo,5,23.6,14.6,140,10.1,67,12.4,86.8,unavailable,90.8,EXCELLENT,high,spring,,peak,,"Comfortable temperatures."
tokyo,6,26.1,18.5,168,11.6,75,17.2,78.7,unavailable,78.7,VERY_GOOD,high,summer,rainy_season,end,,"Comfortable temperatures."
tokyo,7,29.9,22.4,156,10.5,76,21.2,57.9,unavailable,57.9,ACCEPTABLE,high,summer,rainy_season,,,"Fair temperatures, with high humidity."
tokyo,8,31.3,23.5,155,7.9,74,21.9,52.4,unavailable,52.4,ACCEPTABLE,high,summer,rainy_season,,,"Fair temperatures, with high humidity."
tokyo,9,27.5,20.3,225,11,75,18.7,71.1,unavailable,71.1,GOOD,high,autumn,rainy_season,,,"Comfortable temperatures."
tokyo,10,22,14.8,235,10.5,71,12.7,76.1,unavailable,76.1,VERY_GOOD,high,autumn,rainy_season,start,,"Comfortable temperatures."
tokyo,11,16.7,8.8,96,7.4,66,6.4,82,unavailable,86,VERY_GOOD,high,autumn,,end,,"Fair temperatures, with little rain."
tokyo,12,12,3.8,58,5.2,56,-0.5,62.6,unavailable,62.6,GOOD,high,winter,dry_season,,,"Cold weather, with little rain."
sapporo,1,-0.4,-6.4,108,18.3,70,-7.8,22,unavailable,22,NOT_RECOMMENDED,high,winter,snow_season,,extremeCold+veryCold,"Extreme cold."
sapporo,2,0.4,-6.2,92,16,70,-7.5,24.1,unavailable,24.1,NOT_RECOMMENDED,high,winter,snow_season,,veryCold,"Very cold."
sapporo,3,4.5,-2.4,78,13.9,66,-4.5,30,unavailable,30,NOT_RECOMMENDED,high,spring,snow_season,,veryCold,"Very cold."
sapporo,4,11.7,3.4,55,9.6,61,0.2,59.8,unavailable,59.8,GOOD,high,spring,,,,"Cold weather, with little rain."
sapporo,5,17.9,9,56,8.5,64,6.4,89.2,unavailable,93.2,VERY_GOOD,high,spring,,start,,"Comfortable temperatures, with little rain."
sapporo,6,21.8,13.4,60,7.5,72,12,100,unavailable,100,EXCELLENT,high,summer,,peak,,"Comfortable temperatures, with little rain."
sapporo,7,25.4,17.9,91,7.7,76,16.6,94.5,unavailable,98.5,EXCELLENT,high,summer,,,,"Comfortable temperatures, with little rain."
sapporo,8,26.4,19.1,127,9.5,75,17.7,84.6,unavailable,84.6,VERY_GOOD,high,summer,,,,"Comfortable temperatures."
sapporo,9,22.8,14.8,142,10.2,72,13.4,86.4,unavailable,86.4,VERY_GOOD,high,autumn,,,,"Comfortable temperatures."
sapporo,10,16.4,8,110,11.6,69,6.5,76.3,unavailable,76.3,VERY_GOOD,high,autumn,,end,,"Fair temperatures."
sapporo,11,8.7,1.6,114,14.6,70,0.2,41.8,unavailable,41.8,ACCEPTABLE,high,autumn,,,,"Cold weather."
sapporo,12,2,-4,114,16,72,-5.4,23.8,unavailable,23.8,NOT_RECOMMENDED,high,winter,snow_season,,veryCold,"Very cold."
new-york,1,4.2,-2.3,92,8.7,69,-6,32.2,unlisted,28.2,NOT_RECOMMENDED,high,winter,,,veryCold,"Very cold."
new-york,2,5.7,-1.4,81,7.6,68,-5.5,37.8,unlisted,33.8,ACCEPTABLE,high,winter,,,,"Cold weather, with little rain."
new-york,3,9.9,2.1,109,9.1,68,-1.7,50.8,unlisted,46.8,ACCEPTABLE,high,spring,,,,"Cold weather."
new-york,4,16.6,7.5,104,9,68,4,79.9,unlisted,75.9,VERY_GOOD,high,spring,,start,,"Fair temperatures."
new-york,5,21.9,12.8,101,9.6,72,10.2,92.1,unlisted,92.1,EXCELLENT,high,spring,,,,"Comfortable temperatures."
new-york,6,26.5,18,115,9,72,15.4,91.7,listed,100,EXCELLENT,high,summer,,peak,,"Comfortable temperatures."
new-york,7,29.4,21.2,117,8.3,70,18,80.2,listed,88.2,VERY_GOOD,high,summer,,,,"Comfortable temperatures."
new-york,8,28.5,20.5,116,8.2,73,17.7,84.7,listed,92.7,VERY_GOOD,high,summer,,,,"Comfortable temperatures, with little rain."
new-york,9,24.5,16.8,110,7.2,74,14.5,94.3,unlisted,94.3,EXCELLENT,high,autumn,,,,"Comfortable temperatures, with little rain."
new-york,10,18.1,10.8,111,7.4,73,8.4,87.6,unlisted,83.6,VERY_GOOD,high,autumn,,end,,"Comfortable temperatures, with little rain."
new-york,11,12.2,5.6,91,7.2,72,2.4,62.3,unlisted,58.3,GOOD,high,autumn,,,,"Cold weather, with little rain."
new-york,12,6.9,1,111,9.1,72,-2.4,40.2,unlisted,36.2,ACCEPTABLE,high,winter,,,,"Cold weather."
miami,1,24.6,16.1,47,5.3,71,15,99.6,listed,100,EXCELLENT,high,winter,dry_season,,,"Comfortable temperatures, with little rain."
miami,2,25.7,17.3,54,4.8,71,15.7,99.8,listed,100,EXCELLENT,high,winter,dry_season,,,"Comfortable temperatures, with little rain."
miami,3,27,18.7,62,4.5,69,16,99.3,unlisted,99.3,EXCELLENT,high,spring,,,,"Comfortable temperatures, with little rain."
miami,4,28.7,21,86,5.4,69,17.8,90.8,unlisted,86.8,VERY_GOOD,high,spring,,end,,"Comfortable temperatures, with little rain."
miami,5,30.4,23,161,8.5,73,20.3,70.4,unlisted,66.4,GOOD,high,spring,rainy_season,,,"Comfortable temperatures."
miami,6,31.8,24.6,267,14.9,80,23.2,44.6,unlisted,40.6,ACCEPTABLE,high,summer,rainy_season,,,"Comfortable temperatures, with high humidity."
miami,7,32.6,25.3,187,14,79,23.7,44,unlisted,40,ACCEPTABLE,high,summer,rainy_season,,,"Comfortable temperatures, with high humidity."
miami,8,32.6,25.4,243,16.4,80,23.9,39.8,unlisted,35.8,ACCEPTABLE,high,summer,rainy_season,,,"Comfortable temperatures, with high humidity."
miami,9,31.7,24.9,260,15.4,81,23.5,43.2,unlisted,39.2,ACCEPTABLE,high,autumn,rainy_season,,,"Comfortable temperatures, with high humidity."
miami,10,30,23.4,194,11.3,77,21.2,62.2,unlisted,58.2,GOOD,high,autumn,rainy_season,,,"Comfortable temperatures."
miami,11,27.4,20.2,90,6.3,72,18,90.6,unlisted,86.6,VERY_GOOD,high,autumn,,start,,"Comfortable temperatures, with little rain."
miami,12,25.6,17.9,62,5.6,73,16.5,97.9,listed,100,EXCELLENT,high,winter,,peak,,"Comfortable temperatures, with little rain."
cape-town,1,27,16.6,9,1.8,74,14.8,98.3,listed,100,EXCELLENT,high,summer,,,,"Comfortable temperatures, with little rain."
cape-town,2,27.3,16.5,10,1.8,75,15.2,98.6,listed,100,EXCELLENT,high,summer,,,,"Comfortable temperatures, with little rain."
cape-town,3,26,15,12,2.5,76,14.4,99.1,listed,100,EXCELLENT,high,autumn,,,,"Comfortable temperatures, with little rain."
cape-town,4,23.6,12.2,40,5,78,12.8,99.9,unlisted,99.9,EXCELLENT,high,autumn,,,,"Comfortable temperatures, with little rain."
cape-town,5,20.6,10.2,61,7.4,81,11.6,99.9,unlisted,99.9,EXCELLENT,high,autumn,,,,"Comfortable temperatures, with little rain."
cape-town,6,18.2,8.1,92,10.1,79,9.7,89.1,unlisted,85.1,VERY_GOOD,high,winter,,,,"Comfortable temperatures."
cape-town,7,17.9,7.4,85,9.1,78,9,90.5,unlisted,86.5,VERY_GOOD,high,winter,,,,"Comfortable temperatures, with little rain."
cape-town,8,18,7.9,72,9.3,77,8.9,91.5,unlisted,87.5,VERY_GOOD,high,winter,,,,"Comfortable temperatures, with little rain."
cape-town,9,19.6,9.4,44,6.8,76,9.6,98.4,unlisted,94.4,EXCELLENT,high,spring,,,,"Comfortable temperatures, with little rain."
cape-town,10,22.2,11.5,28,4.2,74,10.8,99.1,unlisted,95.1,EXCELLENT,high,spring,,,,"Comfortable temperatures, with little rain."
cape-town,11,23.7,13.4,25,4,73,11.8,98.7,unlisted,94.7,EXCELLENT,high,spring,,,,"Comfortable temperatures, with little rain."
cape-town,12,25.8,15.6,13,2.6,73,13.7,98.6,listed,100,EXCELLENT,high,summer,,,,"Comfortable temperatures, with little rain."
sydney,1,27.4,20,91,8.2,67,17.2,93.3,unlisted,89.3,EXCELLENT,high,summer,,,,"Comfortable temperatures, with little rain."
sydney,2,27.7,19.9,132,9,68,17.5,87.9,unlisted,83.9,VERY_GOOD,high,summer,,,,"Comfortable temperatures."
sydney,3,26.4,18.4,118,10.1,67,16,89.2,listed,97.2,VERY_GOOD,high,autumn,,,,"Comfortable temperatures."
sydney,4,24,15.4,114,7.9,66,13.3,93.8,listed,100,EXCELLENT,high,autumn,,,,"Comfortable temperatures, with little rain."
sydney,5,21.5,12.4,101,7.9,65,10.3,95.3,listed,100,EXCELLENT,high,autumn,,,,"Comfortable temperatures, with little rain."
sydney,6,18.4,10,143,9.3,67,8.1,82.9,unlisted,78.9,VERY_GOOD,high,winter,,,,"Comfortable temperatures."
sydney,7,18.4,8.9,80,7.2,62,6.4,90.9,unlisted,86.9,VERY_GOOD,high,winter,,,,"Comfortable temperatures, with little rain."
sydney,8,19.7,9.7,75,5.6,56,6.1,97.3,unlisted,93.3,EXCELLENT,high,winter,,,,"Comfortable temperatures, with little rain."
sydney,9,21.9,12.3,63,5.8,57,8.5,99.7,listed,100,EXCELLENT,high,spring,,,,"Comfortable temperatures, with little rain."
sydney,10,23.6,14.6,68,7.6,60,11.1,99.1,listed,100,EXCELLENT,high,spring,,,,"Comfortable temperatures, with little rain."
sydney,11,24.9,16.6,91,8.7,63,13.5,95,listed,100,EXCELLENT,high,spring,,,,"Comfortable temperatures, with little rain."
sydney,12,26.6,18.4,73,7.9,64,15.3,98.5,unlisted,98.5,EXCELLENT,high,summer,,,,"Comfortable temperatures, with little rain."
queenstown,1,16.5,8.2,137,13.7,72,7.1,76.9,unavailable,80.9,VERY_GOOD,medium,summer,,start,,"Comfortable temperatures."
queenstown,2,16.4,8.3,106,12,73,7.4,83.6,unavailable,87.6,VERY_GOOD,medium,summer,,peak,,"Comfortable temperatures."
queenstown,3,14.1,6.3,115,12.8,76,6,73.6,unavailable,77.6,VERY_GOOD,medium,autumn,,end,,"Fair temperatures."
queenstown,4,10.4,3.7,110,12.7,81,3.9,54.1,unavailable,54.1,ACCEPTABLE,medium,autumn,,,,"Cold weather."
queenstown,5,6.5,1.2,135,15.8,89,2,32.8,unavailable,32.8,ACCEPTABLE,medium,autumn,,,,"Cold weather."
queenstown,6,2.4,-1.9,112,14.4,93,-0.8,26.5,unavailable,26.5,NOT_RECOMMENDED,medium,winter,snow_season,,veryCold,"Very cold."
queenstown,7,1.1,-3,104,14,92,-1.9,26.8,unavailable,26.8,NOT_RECOMMENDED,medium,winter,snow_season,,veryCold,"Very cold."
queenstown,8,2.3,-2,110,14.4,91,-1,26.5,unavailable,26.5,NOT_RECOMMENDED,medium,winter,snow_season,,veryCold,"Very cold."
queenstown,9,5.1,-0.6,132,15,86,0.1,27.8,unavailable,27.8,ACCEPTABLE,medium,spring,snow_season,,,"Cold weather."
queenstown,10,8.4,1.4,148,16.7,81,1.6,39.3,unavailable,39.3,ACCEPTABLE,medium,spring,,,,"Cold weather."
queenstown,11,11.8,3.8,139,16.1,75,3.4,56.7,unavailable,56.7,ACCEPTABLE,medium,spring,,,,"Cold weather."
queenstown,12,14.7,6.7,146,16.7,72,5.6,64.8,unavailable,64.8,GOOD,medium,summer,,,,"Fair temperatures."
cairo,1,18.9,10.1,5,1.3,59,4.5,94.5,unlisted,90.5,EXCELLENT,high,winter,,,,"Comfortable temperatures, with little rain."
cairo,2,20.5,11,4,2,54,4,100,unlisted,100,EXCELLENT,high,winter,,,,"Comfortable temperatures, with little rain."
cairo,3,23.8,13.2,6,1.2,50,5,100,unlisted,100,EXCELLENT,high,spring,,,,"Comfortable temperatures, with little rain."
cairo,4,28.1,15.9,1,1.3,44,6,99.7,listed,100,EXCELLENT,high,spring,,,,"Comfortable temperatures, with little rain."
cairo,5,32.2,19.3,0,0.6,43,9.1,79.7,listed,87.7,VERY_GOOD,high,spring,,end,,"Fair temperatures, with little rain."
cairo,6,34.6,22.2,0,0.6,46,12.8,65.8,unlisted,61.8,GOOD,high,summer,,,,"High temperatures, with little rain."
cairo,7,35,23.8,0,0.7,51,15.7,63,unlisted,59,GOOD,high,summer,,,,"High temperatures, with little rain."
cairo,8,34.9,24.3,0,1,54,16.7,62.1,unlisted,58.1,GOOD,high,summer,,,,"High temperatures, with little rain."
cairo,9,33.4,22.7,0,0.7,54,15.4,72.3,unlisted,68.3,GOOD,high,autumn,,,,"High temperatures, with little rain."
cairo,10,30,20,1,0.1,57,13.4,93.5,listed,100,EXCELLENT,high,autumn,,start,,"Comfortable temperatures, with little rain."
cairo,11,24.9,15.6,4,0.6,59,9.9,100,listed,100,EXCELLENT,high,autumn,,,,"Comfortable temperatures, with little rain."
cairo,12,20.5,11.7,3,0.8,60,6.4,100,listed,100,EXCELLENT,high,winter,,,,"Comfortable temperatures, with little rain."
marrakesh,1,19.1,5.9,25,3,26,-6.4,94.8,unlisted,90.8,EXCELLENT,high,winter,,,,"Comfortable temperatures, with little rain."
marrakesh,2,20.7,7.6,26,3.7,28,-3.9,99.9,unlisted,95.9,EXCELLENT,high,winter,,,,"Comfortable temperatures, with little rain."
marrakesh,3,23.6,10.3,35,4.7,27,-2.2,100,listed,100,EXCELLENT,high,spring,,,,"Comfortable temperatures, with little rain."
marrakesh,4,25.7,12.4,26,2.9,26,-1.2,100,listed,100,EXCELLENT,high,spring,,,,"Comfortable temperatures, with little rain."
marrakesh,5,29.4,15.2,10,1.5,22,-0.3,95.4,listed,100,EXCELLENT,high,spring,,end,,"Comfortable temperatures, with little rain."
marrakesh,6,33.6,17.9,3,0.6,19,0.2,71.5,unlisted,67.5,GOOD,high,summer,,,,"High temperatures, with little rain."
marrakesh,7,37.7,20.6,2,0.3,15,-0.5,50,unlisted,46,ACCEPTABLE,high,summer,,,veryHot,"Very hot (average high 38°)."
marrakesh,8,37.4,21.1,5,0.8,15,-0.3,50,unlisted,46,ACCEPTABLE,high,summer,,,veryHot,"Very hot (average high 37°)."
marrakesh,9,32.5,18.6,15,1.3,16,-2,77.9,listed,85.9,VERY_GOOD,high,autumn,,start,,"Fair temperatures, with little rain."
marrakesh,10,28.5,15.7,19,2.4,17,-3.9,98.3,listed,100,EXCELLENT,high,autumn,,peak,,"Comfortable temperatures, with little rain."
marrakesh,11,23.1,10.7,30,3.8,21,-5.7,100,unlisted,100,EXCELLENT,high,autumn,,,,"Comfortable temperatures, with little rain."
marrakesh,12,20.1,7.3,24,4.1,24,-6.4,99.8,unlisted,95.8,EXCELLENT,high,winter,,,,"Comfortable temperatures, with little rain."
coronet-peak,1,15.8,7.4,144,13.5,72,6.4,17,unavailable,17,ACCEPTABLE,medium,summer,,,,"Limited snow cover."
coronet-peak,2,15.7,7.5,110,12,73,6.7,18,unavailable,18,ACCEPTABLE,medium,summer,,,,"Limited snow cover."
coronet-peak,3,13.5,5.5,121,12.6,76,5.2,17.6,unavailable,17.6,ACCEPTABLE,medium,autumn,,,,"Limited snow cover."
coronet-peak,4,9.9,2.8,117,12.5,81,3.1,26.5,unavailable,26.5,ACCEPTABLE,medium,autumn,,,,"Limited snow cover."
coronet-peak,5,5.8,0.1,144,15.1,88,1.1,45.9,unavailable,45.9,ACCEPTABLE,medium,autumn,,,,"Limited snow cover."
coronet-peak,6,1.6,-3.2,119,14.1,91,-2,92.2,unavailable,96.2,EXCELLENT,medium,winter,snow_season,start,,"Good snow cover."
coronet-peak,7,0.3,-4.2,113,13.3,90,-3.3,97.6,unavailable,100,EXCELLENT,medium,winter,snow_season,peak,,"Good snow cover."
coronet-peak,8,1.6,-3,120,14.2,90,-2,97.2,unavailable,100,EXCELLENT,medium,winter,snow_season,,,"Good snow cover."
coronet-peak,9,4.3,-1.6,145,15.1,86,-0.7,87.9,unavailable,87.9,VERY_GOOD,medium,spring,snow_season,end,,"Good snow cover."
coronet-peak,10,7.5,0.4,158,16.5,81,0.8,46.6,unavailable,46.6,ACCEPTABLE,medium,spring,,,,"Limited snow cover."
coronet-peak,11,11,2.9,147,16,75,2.6,21,unavailable,21,ACCEPTABLE,medium,spring,,,,"Limited snow cover."
coronet-peak,12,14,5.9,155,16.5,72,4.9,15.9,unavailable,15.9,ACCEPTABLE,medium,summer,,,,"Limited snow cover."
zermatt,1,0.8,-7.4,42,6.3,65,-9.4,100,unavailable,100,EXCELLENT,high,winter,snow_season,,,"Good snow cover, with little rain."
zermatt,2,1.7,-7.3,30,5.5,63,-9.4,100,unavailable,100,EXCELLENT,high,winter,snow_season,,,"Good snow cover, with little rain."
zermatt,3,5.7,-4,33,5.3,60,-6.7,93.9,unavailable,93.9,VERY_GOOD,high,spring,snow_season,end,,"Good snow cover, with little rain."
zermatt,4,9.8,-0.7,40,6.3,57,-3.9,79.1,unavailable,79.1,GOOD,high,spring,snow_season,,,"Good snow cover, with little rain."
zermatt,5,13.9,3.2,77,9.5,61,1.1,73.6,unavailable,73.6,VERY_GOOD,high,spring,snow_season,start,,"Fair temperatures, with little rain."
zermatt,6,17.8,6.6,70,9.7,63,5,78.8,unavailable,78.8,VERY_GOOD,high,summer,snow_season,end,,"Comfortable temperatures, with little rain."
zermatt,7,20,8.3,59,9,62,6.5,58.8,unavailable,58.8,GOOD,high,summer,,,,"Comfortable temperatures, with little rain."
zermatt,8,19.6,8.3,68,9.8,64,6.7,57.2,unavailable,57.2,ACCEPTABLE,high,summer,,,,"Comfortable temperatures, with little rain."
zermatt,9,15.4,5,51,7.3,68,3.8,54.8,unavailable,54.8,ACCEPTABLE,high,autumn,,,,"Comfortable temperatures, with little rain."
zermatt,10,11.2,1.4,57,7,68,0,58,unavailable,58,GOOD,high,autumn,snow_season,,,"Cold weather, with little rain."
zermatt,11,5.1,-3.1,65,7.1,69,-4.8,96,unavailable,96,EXCELLENT,high,autumn,snow_season,start,,"Good snow cover, with little rain."
zermatt,12,1.5,-6.3,47,6.9,67,-8.2,100,unavailable,100,EXCELLENT,high,winter,snow_season,peak,,"Good snow cover, with little rain."
